version,1.7.0
info,balls_per_over,6
info,team,Scotland
info,team,United States of America
info,gender,female
info,season,2025/26
info,date,2026/02/01
info,event,Women's T20 World Cup Qualifier
info,match_number,29
info,venue,"Tribhuvan University International Cricket Ground, Kirtipur"
info,city,Kirtipur
info,toss_winner,Scotland
info,toss_decision,bat
info,player_of_match,DEM Carter
info,umpire,Rizwan Akram
info,umpire,Shivani Mishra
info,reserve_umpire,Shathira Jakir
info,tv_umpire,S Dambanevana
info,match_referee,Reon King
info,winner,Scotland
info,winner_runs,41
info,player,Scotland,DEM Carter
info,player,Scotland,K Fraser
info,player,Scotland,KE Bryce
info,player,Scotland,SJ Bryce
info,player,Scotland,A Lister
info,player,Scotland,M McColl
info,player,Scotland,PA Chatterji
info,player,Scotland,R Slater
info,player,Scotland,C Abel
info,player,Scotland,O Bell
info,player,Scotland,AH Maqsood
info,player,United States of America,D Dhingra
info,player,United States of America,CR Pagydyala
info,player,United States of America,E Claridge
info,player,United States of America,IM Vaghela
info,player,United States of America,RP Singh
info,player,United States of America,TG Norris
info,player,United States of America,Pooja Ganesh
info,player,United States of America,AI Chudasama
info,player,United States of America,Maahi Madhavan
info,player,United States of America,G Kodali
info,player,United States of America,S Immadi
info,registry,people,A Lister,090c0213
info,registry,people,AH Maqsood,f61e2829
info,registry,people,AI Chudasama,9414a81c
info,registry,people,C Abel,d92d3563
info,registry,people,CR Pagydyala,d7c02672
info,registry,people,D Dhingra,b0dc5d0d
info,registry,people,DEM Carter,c3394c16
info,registry,people,E Claridge,d8c6a647
info,registry,people,G Kodali,f606177e
info,registry,people,IM Vaghela,8d62fc14
info,registry,people,K Fraser,a0a65375
info,registry,people,KE Bryce,f13d3eba
info,registry,people,M McColl,d5fa2ab3
info,registry,people,Maahi Madhavan,c6002ece
info,registry,people,O Bell,385eac52
info,registry,people,PA Chatterji,8e7be59c
info,registry,people,Pooja Ganesh,a186b627
info,registry,people,R Slater,8a452195
info,registry,people,RP Singh,0ab3c788
info,registry,people,Reon King,20fbf68c
info,registry,people,Rizwan Akram,b5346f1e
info,registry,people,S Dambanevana,039923bd
info,registry,people,S Immadi,a6dd06d6
info,registry,people,SJ Bryce,2ca65aee
info,registry,people,Shathira Jakir,6b992a6f
info,registry,people,Shivani Mishra,2982a0c7
info,registry,people,TG Norris,8ae7bb3e
ball,1,0.1,Scotland,DEM Carter,K Fraser,AI Chudasama,0,0,,,,,,"",""
ball,1,0.2,Scotland,DEM Carter,K Fraser,AI Chudasama,4,0,,,,,,"",""
ball,1,0.3,Scotland,DEM Carter,K Fraser,AI Chudasama,4,0,,,,,,"",""
ball,1,0.4,Scotland,DEM Carter,K Fraser,AI Chudasama,0,0,,,,,,"",""
ball,1,0.5,Scotland,DEM Carter,K Fraser,AI Chudasama,0,0,,,,,,"",""
ball,1,0.6,Scotland,DEM Carter,K Fraser,AI Chudasama,6,0,,,,,,"",""
ball,1,1.1,Scotland,K Fraser,DEM Carter,TG Norris,0,0,,,,,,"",""
ball,1,1.2,Scotland,K Fraser,DEM Carter,TG Norris,2,0,,,,,,"",""
ball,1,1.3,Scotland,K Fraser,DEM Carter,TG Norris,0,4,,,,4,,"",""
ball,1,1.4,Scotland,K Fraser,DEM Carter,TG Norris,4,0,,,,,,"",""
ball,1,1.5,Scotland,K Fraser,DEM Carter,TG Norris,1,0,,,,,,"",""
ball,1,1.6,Scotland,DEM Carter,K Fraser,TG Norris,0,0,,,,,,"",""
ball,1,2.1,Scotland,K Fraser,DEM Carter,G Kodali,6,0,,,,,,"",""
ball,1,2.2,Scotland,K Fraser,DEM Carter,G Kodali,4,0,,,,,,"",""
ball,1,2.3,Scotland,K Fraser,DEM Carter,G Kodali,0,0,,,,,,"",""
ball,1,2.4,Scotland,K Fraser,DEM Carter,G Kodali,0,1,,,1,,,"",""
ball,1,2.5,Scotland,DEM Carter,K Fraser,G Kodali,4,0,,,,,,"",""
ball,1,2.6,Scotland,DEM Carter,K Fraser,G Kodali,2,0,,,,,,"",""
ball,1,3.1,Scotland,K Fraser,DEM Carter,TG Norris,0,0,,,,,,caught,K Fraser
ball,1,3.2,Scotland,KE Bryce,DEM Carter,TG Norris,0,0,,,,,,bowled,KE Bryce
ball,1,3.3,Scotland,SJ Bryce,DEM Carter,TG Norris,1,0,,,,,,"",""
ball,1,3.4,Scotland,DEM Carter,SJ Bryce,TG Norris,4,0,,,,,,"",""
ball,1,3.5,Scotland,DEM Carter,SJ Bryce,TG Norris,1,0,,,,,,"",""
ball,1,3.6,Scotland,SJ Bryce,DEM Carter,TG Norris,4,0,,,,,,"",""
ball,1,4.1,Scotland,DEM Carter,SJ Bryce,G Kodali,0,0,,,,,,"",""
ball,1,4.2,Scotland,DEM Carter,SJ Bryce,G Kodali,4,0,,,,,,"",""
ball,1,4.3,Scotland,DEM Carter,SJ Bryce,G Kodali,1,0,,,,,,"",""
ball,1,4.4,Scotland,SJ Bryce,DEM Carter,G Kodali,4,0,,,,,,"",""
ball,1,4.5,Scotland,SJ Bryce,DEM Carter,G Kodali,0,1,1,,,,,"",""
ball,1,4.6,Scotland,SJ Bryce,DEM Carter,G Kodali,0,0,,,,,,"",""
ball,1,4.7,Scotland,SJ Bryce,DEM Carter,G Kodali,0,1,1,,,,,"",""
ball,1,4.8,Scotland,SJ Bryce,DEM Carter,G Kodali,0,0,,,,,,"",""
ball,1,5.1,Scotland,DEM Carter,SJ Bryce,RP Singh,1,0,,,,,,"",""
ball,1,5.2,Scotland,SJ Bryce,DEM Carter,RP Singh,1,0,,,,,,"",""
ball,1,5.3,Scotland,DEM Carter,SJ Bryce,RP Singh,0,0,,,,,,"",""
ball,1,5.4,Scotland,DEM Carter,SJ Bryce,RP Singh,6,0,,,,,,"",""
ball,1,5.5,Scotland,DEM Carter,SJ Bryce,RP Singh,4,0,,,,,,"",""
ball,1,5.6,Scotland,DEM Carter,SJ Bryce,RP Singh,0,0,,,,,,"",""
ball,1,6.1,Scotland,SJ Bryce,DEM Carter,S Immadi,1,0,,,,,,"",""
ball,1,6.2,Scotland,DEM Carter,SJ Bryce,S Immadi,0,0,,,,,,"",""
ball,1,6.3,Scotland,DEM Carter,SJ Bryce,S Immadi,1,0,,,,,,"",""
ball,1,6.4,Scotland,SJ Bryce,DEM Carter,S Immadi,1,0,,,,,,"",""
ball,1,6.5,Scotland,DEM Carter,SJ Bryce,S Immadi,0,0,,,,,,"",""
ball,1,6.6,Scotland,DEM Carter,SJ Bryce,S Immadi,4,0,,,,,,"",""
ball,1,7.1,Scotland,SJ Bryce,DEM Carter,RP Singh,0,0,,,,,,caught,SJ Bryce
ball,1,7.2,Scotland,A Lister,DEM Carter,RP Singh,1,0,,,,,,"",""
ball,1,7.3,Scotland,DEM Carter,A Lister,RP Singh,1,0,,,,,,"",""
ball,1,7.4,Scotland,A Lister,DEM Carter,RP Singh,1,0,,,,,,"",""
ball,1,7.5,Scotland,DEM Carter,A Lister,RP Singh,0,0,,,,,,"",""
ball,1,7.6,Scotland,DEM Carter,A Lister,RP Singh,1,0,,,,,,"",""
ball,1,8.1,Scotland,DEM Carter,A Lister,S Immadi,0,0,,,,,,"",""
ball,1,8.2,Scotland,DEM Carter,A Lister,S Immadi,0,1,,,,1,,"",""
ball,1,8.3,Scotland,A Lister,DEM Carter,S Immadi,0,0,,,,,,"",""
ball,1,8.4,Scotland,A Lister,DEM Carter,S Immadi,0,0,,,,,,"",""
ball,1,8.5,Scotland,A Lister,DEM Carter,S Immadi,4,0,,,,,,"",""
ball,1,8.6,Scotland,A Lister,DEM Carter,S Immadi,4,0,,,,,,"",""
ball,1,9.1,Scotland,DEM Carter,A Lister,RP Singh,1,0,,,,,,"",""
ball,1,9.2,Scotland,A Lister,DEM Carter,RP Singh,4,0,,,,,,"",""
ball,1,9.3,Scotland,A Lister,DEM Carter,RP Singh,4,0,,,,,,"",""
ball,1,9.4,Scotland,A Lister,DEM Carter,RP Singh,0,0,,,,,,"",""
ball,1,9.5,Scotland,A Lister,DEM Carter,RP Singh,1,0,,,,,,"",""
ball,1,9.6,Scotland,DEM Carter,A Lister,RP Singh,1,0,,,,,,"",""
ball,1,10.1,Scotland,DEM Carter,A Lister,S Immadi,1,0,,,,,,"",""
ball,1,10.2,Scotland,A Lister,DEM Carter,S Immadi,1,0,,,,,,"",""
ball,1,10.3,Scotland,DEM Carter,A Lister,S Immadi,0,0,,,,,,"",""
ball,1,10.4,Scotland,DEM Carter,A Lister,S Immadi,1,0,,,,,,"",""
ball,1,10.5,Scotland,A Lister,DEM Carter,S Immadi,4,0,,,,,,"",""
ball,1,10.6,Scotland,A Lister,DEM Carter,S Immadi,0,0,,,,,,"",""
ball,1,11.1,Scotland,DEM Carter,A Lister,Maahi Madhavan,0,0,,,,,,bowled,DEM Carter
ball,1,11.2,Scotland,M McColl,A Lister,Maahi Madhavan,4,0,,,,,,"",""
ball,1,11.3,Scotland,M McColl,A Lister,Maahi Madhavan,0,0,,,,,,caught,M McColl
ball,1,11.4,Scotland,PA Chatterji,A Lister,Maahi Madhavan,0,0,,,,,,"",""
ball,1,11.5,Scotland,PA Chatterji,A Lister,Maahi Madhavan,0,0,,,,,,"",""
ball,1,11.6,Scotland,PA Chatterji,A Lister,Maahi Madhavan,4,0,,,,,,"",""
ball,1,12.1,Scotland,A Lister,PA Chatterji,TG Norris,1,0,,,,,,"",""
ball,1,12.2,Scotland,PA Chatterji,A Lister,TG Norris,0,0,,,,,,"",""
ball,1,12.3,Scotland,PA Chatterji,A Lister,TG Norris,1,0,,,,,,"",""
ball,1,12.4,Scotland,A Lister,PA Chatterji,TG Norris,0,0,,,,,,"",""
ball,1,12.5,Scotland,A Lister,PA Chatterji,TG Norris,1,0,,,,,,"",""
ball,1,12.6,Scotland,PA Chatterji,A Lister,TG Norris,1,0,,,,,,"",""
ball,1,13.1,Scotland,PA Chatterji,A Lister,Maahi Madhavan,1,0,,,,,,"",""
ball,1,13.2,Scotland,A Lister,PA Chatterji,Maahi Madhavan,1,0,,,,,,"",""
ball,1,13.3,Scotland,PA Chatterji,A Lister,Maahi Madhavan,0,0,,,,,,"",""
ball,1,13.4,Scotland,PA Chatterji,A Lister,Maahi Madhavan,0,0,,,,,,"",""
ball,1,13.5,Scotland,PA Chatterji,A Lister,Maahi Madhavan,1,0,,,,,,"",""
ball,1,13.6,Scotland,A Lister,PA Chatterji,Maahi Madhavan,1,0,,,,,,"",""
ball,1,14.1,Scotland,A Lister,PA Chatterji,AI Chudasama,0,0,,,,,,"",""
ball,1,14.2,Scotland,A Lister,PA Chatterji,AI Chudasama,0,0,,,,,,"",""
ball,1,14.3,Scotland,A Lister,PA Chatterji,AI Chudasama,1,0,,,,,,"",""
ball,1,14.4,Scotland,PA Chatterji,A Lister,AI Chudasama,4,0,,,,,,"",""
ball,1,14.5,Scotland,PA Chatterji,A Lister,AI Chudasama,0,0,,,,,,"",""
ball,1,14.6,Scotland,PA Chatterji,A Lister,AI Chudasama,1,0,,,,,,"",""
ball,1,15.1,Scotland,PA Chatterji,A Lister,Maahi Madhavan,1,0,,,,,,"",""
ball,1,15.2,Scotland,A Lister,PA Chatterji,Maahi Madhavan,0,0,,,,,,"",""
ball,1,15.3,Scotland,A Lister,PA Chatterji,Maahi Madhavan,0,0,,,,,,"",""
ball,1,15.4,Scotland,A Lister,PA Chatterji,Maahi Madhavan,0,0,,,,,,"",""
ball,1,15.5,Scotland,A Lister,PA Chatterji,Maahi Madhavan,4,0,,,,,,"",""
ball,1,15.6,Scotland,A Lister,PA Chatterji,Maahi Madhavan,0,0,,,,,,"",""
ball,1,16.1,Scotland,PA Chatterji,A Lister,S Immadi,0,1,1,,,,,"",""
ball,1,16.2,Scotland,PA Chatterji,A Lister,S Immadi,1,0,,,,,,"",""
ball,1,16.3,Scotland,A Lister,PA Chatterji,S Immadi,6,0,,,,,,"",""
ball,1,16.4,Scotland,A Lister,PA Chatterji,S Immadi,1,0,,,,,,"",""
ball,1,16.5,Scotland,PA Chatterji,A Lister,S Immadi,0,0,,,,,,"",""
ball,1,16.6,Scotland,PA Chatterji,A Lister,S Immadi,2,0,,,,,,"",""
ball,1,16.7,Scotland,PA Chatterji,A Lister,S Immadi,1,0,,,,,,"",""
ball,1,17.1,Scotland,PA Chatterji,A Lister,Maahi Madhavan,1,0,,,,,,"",""
ball,1,17.2,Scotland,A Lister,PA Chatterji,Maahi Madhavan,1,0,,,,,,"",""
ball,1,17.3,Scotland,PA Chatterji,A Lister,Maahi Madhavan,1,0,,,,,,"",""
ball,1,17.4,Scotland,A Lister,PA Chatterji,Maahi Madhavan,1,0,,,,,,"",""
ball,1,17.5,Scotland,PA Chatterji,A Lister,Maahi Madhavan,1,0,,,,,,"",""
ball,1,17.6,Scotland,A Lister,PA Chatterji,Maahi Madhavan,1,0,,,,,,"",""
ball,1,18.1,Scotland,A Lister,PA Chatterji,G Kodali,0,0,,,,,,caught,A Lister
ball,1,18.2,Scotland,R Slater,PA Chatterji,G Kodali,1,0,,,,,,"",""
ball,1,18.3,Scotland,PA Chatterji,R Slater,G Kodali,1,0,,,,,,"",""
ball,1,18.4,Scotland,R Slater,PA Chatterji,G Kodali,1,0,,,,,,"",""
ball,1,18.5,Scotland,PA Chatterji,R Slater,G Kodali,4,0,,,,,,"",""
ball,1,18.6,Scotland,PA Chatterji,R Slater,G Kodali,1,0,,,,,,"",""
ball,1,19.1,Scotland,PA Chatterji,R Slater,TG Norris,2,0,,,,,,"",""
ball,1,19.2,Scotland,PA Chatterji,R Slater,TG Norris,4,0,,,,,,"",""
ball,1,19.3,Scotland,PA Chatterji,R Slater,TG Norris,6,0,,,,,,"",""
ball,1,19.4,Scotland,PA Chatterji,R Slater,TG Norris,0,0,,,,,,stumped,PA Chatterji
ball,1,19.5,Scotland,C Abel,R Slater,TG Norris,0,0,,,,,,"",""
ball,1,19.6,Scotland,C Abel,R Slater,TG Norris,0,0,,,,,,stumped,C Abel
ball,2,0.1,United States of America,D Dhingra,CR Pagydyala,KE Bryce,0,0,,,,,,"",""
ball,2,0.2,United States of America,D Dhingra,CR Pagydyala,KE Bryce,0,0,,,,,,caught,D Dhingra
ball,2,0.3,United States of America,E Claridge,CR Pagydyala,KE Bryce,0,0,,,,,,"",""
ball,2,0.4,United States of America,E Claridge,CR Pagydyala,KE Bryce,1,0,,,,,,"",""
ball,2,0.5,United States of America,CR Pagydyala,E Claridge,KE Bryce,0,0,,,,,,"",""
ball,2,0.6,United States of America,CR Pagydyala,E Claridge,KE Bryce,0,0,,,,,,"",""
ball,2,1.1,United States of America,E Claridge,CR Pagydyala,O Bell,1,0,,,,,,"",""
ball,2,1.2,United States of America,CR Pagydyala,E Claridge,O Bell,4,0,,,,,,"",""
ball,2,1.3,United States of America,CR Pagydyala,E Claridge,O Bell,1,0,,,,,,"",""
ball,2,1.4,United States of America,E Claridge,CR Pagydyala,O Bell,4,0,,,,,,"",""
ball,2,1.5,United States of America,E Claridge,CR Pagydyala,O Bell,1,0,,,,,,"",""
ball,2,1.6,United States of America,CR Pagydyala,E Claridge,O Bell,1,0,,,,,,"",""
ball,2,2.1,United States of America,CR Pagydyala,E Claridge,KE Bryce,0,1,1,,,,,"",""
ball,2,2.2,United States of America,CR Pagydyala,E Claridge,KE Bryce,1,0,,,,,,"",""
ball,2,2.3,United States of America,E Claridge,CR Pagydyala,KE Bryce,4,0,,,,,,"",""
ball,2,2.4,United States of America,E Claridge,CR Pagydyala,KE Bryce,1,0,,,,,,"",""
ball,2,2.5,United States of America,CR Pagydyala,E Claridge,KE Bryce,0,0,,,,,,"",""
ball,2,2.6,United States of America,CR Pagydyala,E Claridge,KE Bryce,1,0,,,,,,"",""
ball,2,2.7,United States of America,E Claridge,CR Pagydyala,KE Bryce,1,0,,,,,,"",""
ball,2,3.1,United States of America,E Claridge,CR Pagydyala,R Slater,1,0,,,,,,"",""
ball,2,3.2,United States of America,CR Pagydyala,E Claridge,R Slater,1,0,,,,,,"",""
ball,2,3.3,United States of America,E Claridge,CR Pagydyala,R Slater,2,0,,,,,,"",""
ball,2,3.4,United States of America,E Claridge,CR Pagydyala,R Slater,0,1,1,,,,,"",""
ball,2,3.5,United States of America,E Claridge,CR Pagydyala,R Slater,1,0,,,,,,"",""
ball,2,3.6,United States of America,CR Pagydyala,E Claridge,R Slater,0,0,,,,,,"",""
ball,2,3.7,United States of America,CR Pagydyala,E Claridge,R Slater,1,0,,,,,,"",""
ball,2,4.1,United States of America,CR Pagydyala,E Claridge,PA Chatterji,1,0,,,,,,"",""
ball,2,4.2,United States of America,E Claridge,CR Pagydyala,PA Chatterji,0,0,,,,,,"",""
ball,2,4.3,United States of America,E Claridge,CR Pagydyala,PA Chatterji,1,0,,,,,,"",""
ball,2,4.4,United States of America,CR Pagydyala,E Claridge,PA Chatterji,0,1,1,,,,,"",""
ball,2,4.5,United States of America,CR Pagydyala,E Claridge,PA Chatterji,1,0,,,,,,"",""
ball,2,4.6,United States of America,E Claridge,CR Pagydyala,PA Chatterji,2,0,,,,,,"",""
ball,2,4.7,United States of America,E Claridge,CR Pagydyala,PA Chatterji,2,0,,,,,,"",""
ball,2,5.1,United States of America,CR Pagydyala,E Claridge,R Slater,0,0,,,,,,"",""
ball,2,5.2,United States of America,CR Pagydyala,E Claridge,R Slater,4,0,,,,,,"",""
ball,2,5.3,United States of America,CR Pagydyala,E Claridge,R Slater,1,0,,,,,,"",""
ball,2,5.4,United States of America,E Claridge,CR Pagydyala,R Slater,0,1,,,,1,,"",""
ball,2,5.5,United States of America,CR Pagydyala,E Claridge,R Slater,0,0,,,,,,"",""
ball,2,5.6,United States of America,CR Pagydyala,E Claridge,R Slater,1,0,,,,,,"",""
ball,2,6.1,United States of America,CR Pagydyala,E Claridge,K Fraser,1,0,,,,,,"",""
ball,2,6.2,United States of America,E Claridge,CR Pagydyala,K Fraser,1,0,,,,,,"",""
ball,2,6.3,United States of America,CR Pagydyala,E Claridge,K Fraser,1,0,,,,,,"",""
ball,2,6.4,United States of America,E Claridge,CR Pagydyala,K Fraser,1,0,,,,,,"",""
ball,2,6.5,United States of America,CR Pagydyala,E Claridge,K Fraser,1,0,,,,,,"",""
ball,2,6.6,United States of America,E Claridge,CR Pagydyala,K Fraser,2,0,,,,,,"",""
ball,2,7.1,United States of America,CR Pagydyala,E Claridge,AH Maqsood,1,0,,,,,,"",""
ball,2,7.2,United States of America,E Claridge,CR Pagydyala,AH Maqsood,4,0,,,,,,"",""
ball,2,7.3,United States of America,E Claridge,CR Pagydyala,AH Maqsood,1,0,,,,,,"",""
ball,2,7.4,United States of America,CR Pagydyala,E Claridge,AH Maqsood,1,0,,,,,,"",""
ball,2,7.5,United States of America,E Claridge,CR Pagydyala,AH Maqsood,1,0,,,,,,"",""
ball,2,7.6,United States of America,CR Pagydyala,E Claridge,AH Maqsood,1,0,,,,,,"",""
ball,2,8.1,United States of America,CR Pagydyala,E Claridge,K Fraser,0,0,,,,,,"",""
ball,2,8.2,United States of America,CR Pagydyala,E Claridge,K Fraser,0,1,1,,,,,"",""
ball,2,8.3,United States of America,CR Pagydyala,E Claridge,K Fraser,0,0,,,,,,caught,CR Pagydyala
ball,2,8.4,United States of America,IM Vaghela,E Claridge,K Fraser,1,0,,,,,,"",""
ball,2,8.5,United States of America,E Claridge,IM Vaghela,K Fraser,1,0,,,,,,"",""
ball,2,8.6,United States of America,IM Vaghela,E Claridge,K Fraser,1,0,,,,,,"",""
ball,2,8.7,United States of America,E Claridge,IM Vaghela,K Fraser,1,0,,,,,,"",""
ball,2,9.1,United States of America,E Claridge,IM Vaghela,C Abel,1,0,,,,,,"",""
ball,2,9.2,United States of America,IM Vaghela,E Claridge,C Abel,1,0,,,,,,"",""
ball,2,9.3,United States of America,E Claridge,IM Vaghela,C Abel,0,0,,,,,,caught,E Claridge
ball,2,9.4,United States of America,RP Singh,IM Vaghela,C Abel,0,0,,,,,,"",""
ball,2,9.5,United States of America,RP Singh,IM Vaghela,C Abel,0,0,,,,,,"",""
ball,2,9.6,United States of America,RP Singh,IM Vaghela,C Abel,1,0,,,,,,"",""
ball,2,10.1,United States of America,RP Singh,IM Vaghela,KE Bryce,1,0,,,,,,"",""
ball,2,10.2,United States of America,IM Vaghela,RP Singh,KE Bryce,1,0,,,,,,"",""
ball,2,10.3,United States of America,RP Singh,IM Vaghela,KE Bryce,1,0,,,,,,"",""
ball,2,10.4,United States of America,IM Vaghela,RP Singh,KE Bryce,1,0,,,,,,"",""
ball,2,10.5,United States of America,RP Singh,IM Vaghela,KE Bryce,6,0,,,,,,"",""
ball,2,10.6,United States of America,RP Singh,IM Vaghela,KE Bryce,1,0,,,,,,"",""
ball,2,11.1,United States of America,RP Singh,IM Vaghela,C Abel,1,0,,,,,,"",""
ball,2,11.2,United States of America,IM Vaghela,RP Singh,C Abel,2,0,,,,,,"",""
ball,2,11.3,United States of America,IM Vaghela,RP Singh,C Abel,1,0,,,,,,"",""
ball,2,11.4,United States of America,RP Singh,IM Vaghela,C Abel,1,0,,,,,,"",""
ball,2,11.5,United States of America,IM Vaghela,RP Singh,C Abel,1,0,,,,,,"",""
ball,2,11.6,United States of America,RP Singh,IM Vaghela,C Abel,1,0,,,,,,"",""
ball,2,12.1,United States of America,RP Singh,IM Vaghela,AH Maqsood,2,0,,,,,,"",""
ball,2,12.2,United States of America,RP Singh,IM Vaghela,AH Maqsood,1,0,,,,,,"",""
ball,2,12.3,United States of America,IM Vaghela,RP Singh,AH Maqsood,1,0,,,,,,run out,RP Singh
ball,2,12.4,United States of America,IM Vaghela,TG Norris,AH Maqsood,0,0,,,,,,"",""
ball,2,12.5,United States of America,IM Vaghela,TG Norris,AH Maqsood,1,0,,,,,,"",""
ball,2,12.6,United States of America,TG Norris,IM Vaghela,AH Maqsood,1,0,,,,,,"",""
ball,2,13.1,United States of America,TG Norris,IM Vaghela,K Fraser,2,0,,,,,,"",""
ball,2,13.2,United States of America,TG Norris,IM Vaghela,K Fraser,4,0,,,,,,"",""
ball,2,13.3,United States of America,TG Norris,IM Vaghela,K Fraser,0,0,,,,,,"",""
ball,2,13.4,United States of America,TG Norris,IM Vaghela,K Fraser,4,0,,,,,,"",""
ball,2,13.5,United States of America,TG Norris,IM Vaghela,K Fraser,0,0,,,,,,"",""
ball,2,13.6,United States of America,TG Norris,IM Vaghela,K Fraser,1,0,,,,,,"",""
ball,2,14.1,United States of America,TG Norris,IM Vaghela,KE Bryce,1,0,,,,,,"",""
ball,2,14.2,United States of America,IM Vaghela,TG Norris,KE Bryce,1,0,,,,,,"",""
ball,2,14.3,United States of America,TG Norris,IM Vaghela,KE Bryce,1,0,,,,,,"",""
ball,2,14.4,United States of America,IM Vaghela,TG Norris,KE Bryce,4,0,,,,,,"",""
ball,2,14.5,United States of America,IM Vaghela,TG Norris,KE Bryce,0,0,,,,,,bowled,IM Vaghela
ball,2,14.6,United States of America,Pooja Ganesh,TG Norris,KE Bryce,1,0,,,,,,"",""
ball,2,15.1,United States of America,Pooja Ganesh,TG Norris,C Abel,1,0,,,,,,"",""
ball,2,15.2,United States of America,TG Norris,Pooja Ganesh,C Abel,2,0,,,,,,"",""
ball,2,15.3,United States of America,TG Norris,Pooja Ganesh,C Abel,1,0,,,,,,"",""
ball,2,15.4,United States of America,Pooja Ganesh,TG Norris,C Abel,1,0,,,,,,"",""
ball,2,15.5,United States of America,TG Norris,Pooja Ganesh,C Abel,0,0,,,,,,caught,TG Norris
ball,2,15.6,United States of America,AI Chudasama,Pooja Ganesh,C Abel,1,0,,,,,,"",""
ball,2,16.1,United States of America,AI Chudasama,Pooja Ganesh,K Fraser,6,0,,,,,,"",""
ball,2,16.2,United States of America,AI Chudasama,Pooja Ganesh,K Fraser,1,0,,,,,,"",""
ball,2,16.3,United States of America,Pooja Ganesh,AI Chudasama,K Fraser,1,0,,,,,,"",""
ball,2,16.4,United States of America,AI Chudasama,Pooja Ganesh,K Fraser,1,0,,,,,,"",""
ball,2,16.5,United States of America,Pooja Ganesh,AI Chudasama,K Fraser,0,0,,,,,,"",""
ball,2,16.6,United States of America,Pooja Ganesh,AI Chudasama,K Fraser,1,0,,,,,,"",""
ball,2,17.1,United States of America,Pooja Ganesh,AI Chudasama,R Slater,1,0,,,,,,"",""
ball,2,17.2,United States of America,AI Chudasama,Pooja Ganesh,R Slater,2,0,,,,,,"",""
ball,2,17.3,United States of America,AI Chudasama,Pooja Ganesh,R Slater,2,0,,,,,,"",""
ball,2,17.4,United States of America,AI Chudasama,Pooja Ganesh,R Slater,0,0,,,,,,caught,AI Chudasama
ball,2,17.5,United States of America,Maahi Madhavan,Pooja Ganesh,R Slater,1,0,,,,,,run out,Maahi Madhavan
ball,2,17.6,United States of America,G Kodali,Pooja Ganesh,R Slater,1,0,,,,,,"",""
ball,2,18.1,United States of America,G Kodali,Pooja Ganesh,PA Chatterji,1,0,,,,,,"",""
ball,2,18.2,United States of America,Pooja Ganesh,G Kodali,PA Chatterji,0,0,,,,,,caught,Pooja Ganesh
ball,2,18.3,United States of America,S Immadi,G Kodali,PA Chatterji,1,0,,,,,,"",""
ball,2,18.4,United States of America,G Kodali,S Immadi,PA Chatterji,1,0,,,,,,"",""
ball,2,18.5,United States of America,S Immadi,G Kodali,PA Chatterji,0,0,,,,,,"",""
ball,2,18.6,United States of America,S Immadi,G Kodali,PA Chatterji,0,0,,,,,,caught,S Immadi
